{"cameraMode":{"drawMode":0,"name":"Shaded","section":"Shading Mode"},"sceneLighting":true,"audioPlay":false,"sceneViewState":{"showFog":true,"showMaterialUpdate":false,"showSkybox":true,"showFlares":true,"showImageEffects":true,"showParticleSystems":true},"in2DMode":false,"pivot":{"x":47.86430740356445,"y":-145.7685089111328,"z":304.4974670410156},"rotation":{"x":-0.2142486274242401,"y":-0.05798424407839775,"z":0.012741804122924805,"w":-0.9749733805656433},"size":370.7748718261719,"orthographic":false}